Aufnahme_ID,Software,RMSE_X_mm,RMSE_Y_mm,RMSE_Z_mm,RMSE_Total_mm,RMSE_Pixel
20250311_DJIMini3Pro_Kirsche,Metashape,7.00951,6.15788,3.55353,9.984,4.054
20250326_DJIMini3Pro_Kirsche,Metashape,4.5353,2.4172,4.13715,6.59757,1.704
20250311_DJIMini3Pro_Kirsche,Drone2Map,4.0,2.0,7.0,9.044335243676011,1.5921963446761207
20250326_DJIMini3Pro_Kirsche,Drone2Map,3.0,5.0,2.0,5.9497899122574065,1.225543226491828
